year,rows,positives,events,large,weather_available,ignition_rate,weather_missing_fraction
2010,1779832,661.0,700.0,13.0,1297315.0,0.00037138336651998616,0.27110255349943135
2011,1779832,1245.0,1298.0,70.0,1224280.0,0.0006995042228704732,0.312137325320592
2012,1779832,1407.0,1466.0,50.0,1126043.0,0.000790524049460848,0.36733186053515166
2013,1779832,527.0,561.0,27.0,1124841.0,0.0002960953618094292,0.368007205174421
2014,1779832,293.0,300.0,4.0,1261718.0,0.00016462227895666558,0.29110275576571276
2015,1779832,584.0,604.0,22.0,16.0,0.000328120856350487,0.9999910103874973
2016,1779832,573.0,601.0,9.0,26120.0,0.0003219404977548443,0.9853244575892556
2017,1779832,736.0,753.0,40.0,482244.0,0.00041352217512664115,0.7290508317638968
2018,1779832,1250.0,1307.0,63.0,580486.0,0.0007023134767775835,0.6738534872954302
2019,1779832,509.0,519.0,20.0,1334341.0,0.000285982047743832,0.2502994664664979
