column,observed_rows,missing_pct,mean,std,min,max,sample_p01,sample_p25,sample_p50,sample_p75,sample_p99,positive_observed_rows,positive_mean,negative_observed_rows,negative_mean
ignition,17798320,0.0,0.000437400833337079,0.020909556150543393,0.0,1.0,0.0,0.0,0.0,0.0,0.0,7785,1.0,17790535,0.0
ignition_count,17798320,0.0,0.00045560479865515397,0.022416073399185308,0.0,6.0,0.0,0.0,0.0,0.0,0.0,7785,1.0416184971098266,17790535,0.0
large_fire_200ha,17798320,0.0,1.7866854849221725e-05,0.004226882613528826,0.0,1.0,0.0,0.0,0.0,0.0,0.0,7785,0.04084778420038536,17790535,0.0
calendar_day_of_year,17798320,0.0,212.7,53.11694794056935,121.0,305.0,123.0,167.0,213.0,259.0,303.0,7785,194.94309569685294,17790535,212.70777028346814
calendar_doy_sin,17798320,0.0,-0.3127244641304348,0.6357246685258761,-0.999991,0.871706,-0.999917,-0.920971,-0.492548,0.263665,0.857315,7785,-0.17232296621708415,17790535,-0.31278590273592094
calendar_doy_cos,17798320,0.0,-0.5489004369565216,0.4435830176044948,-1.0,0.5,-0.999853,-0.925925,-0.704066,-0.262962,0.482508,7785,-0.7906196488118178,17790535,-0.5487946625059898
calendar_is_weekend,17798320,0.0,0.28532608695652173,0.45156962089537006,0.0,1.0,0.0,0.0,0.0,1.0,1.0,7785,0.3147077713551702,17790535,0.28531322975953227
calendar_day_length_hours,17798320,0.0,14.027151397532014,2.130080956925067,8.723521,17.535776,9.44756962,12.3505625,14.770240000000001,15.736272,17.02272734,7785,14.934599707385999,17790535,14.026754305196558
terrain_elevation_mean_m,17796480,0.010338054378166029,257.44183187872216,124.94412959960792,0.830556,540.444444,9.333333,161.888889,267.888889,361.222222,481.333333,7784,332.75449842163437,17788696,257.40887646724224
terrain_slope_deg,17710000,0.4962266101519694,0.16026898857142854,0.1824250868915038,0.0,2.233433,0.0,0.054732,0.106152,0.197566,0.935936,7739,0.22493345626049877,17702261,0.16024071883145327
terrain_aspect_sin,17710000,0.4962266101519694,0.09599840820779221,0.6688016317359207,-1.0,1.0,-0.999168,-0.50262,0.099504,0.737154,0.999822,7739,0.0003530505233234269,17702261,0.09604022204293561
terrain_aspect_cos,17710000,0.4962266101519694,0.09820664083116884,0.7306464203220239,-1.0,1.0,-1.0,-0.660115,0.242536,0.818492,0.999931,7739,-0.00447273640005169,17702261,0.09825152976938933
terrain_ruggedness_m,17796480,0.010338054378166029,11.733785857733665,12.104954237651594,0.0,112.738417,0.0,4.121608,8.079848,14.843214,60.123535,7784,17.417068202209656,17788696,11.731298959887448
terrain_sample_count,17798320,0.0,8.985319962783004,0.2490373211959181,0.0,9.0,9.0,9.0,9.0,9.0,9.0,7785,8.98291586384072,17790535,8.985321014798037
terrain_coverage_fraction,17798320,0.0,0.9983688856611186,0.027670805263421368,0.0,1.0,1.0,1.0,1.0,1.0,1.0,7785,0.9981017633911365,17790535,0.9983690025517502
cwfis_station_count,17798320,0.0,0.7858222573815956,1.0317818975482418,0.0,4.0,0.0,0.0,0.0,1.0,4.0,7785,0.8485549132947977,17790535,0.78579480605839
cwfis_nearest_station_km,8457404,52.48200953797887,69.10589346983865,49.348867250503204,0.477725,303.600486,6.412359,35.61185,55.791929,85.073516,235.432815,4331,46.75917252205032,8453073,69.11734299221051
cwfis_observation_coverage_fraction,17798320,0.0,0.1964555643453989,0.25794547438706045,0.0,1.0,0.0,0.0,0.0,0.25,1.0,7785,0.21213872832369943,17790535,0.1964487015145975
cwfis_imputed_station_fraction,8457404,52.48200953797887,1.0,0.0,1.0,1.0,1.0,1.0,1.0,1.0,1.0,4331,1.0,8453073,1.0
cwfis_calcstatus_nonzero_fraction,8457404,52.48200953797887,1.0,0.0,1.0,1.0,1.0,1.0,1.0,1.0,1.0,4331,1.0,8453073,1.0
cwfis_missing,17798320,0.0,0.5248200953797887,0.4993835969242446,0.0,1.0,0.0,0.0,1.0,1.0,1.0,7785,0.4436737315350032,17790535,0.5248556043986311
cwfis_temp_c,8457404,52.48200953797887,16.685582509041776,6.567802451133023,-5.6,34.721812,1.396168,12.018726,17.5,21.8,28.775725,4331,21.894639552990075,8453073,16.682913606731656
cwfis_rh_pct,8457404,52.48200953797887,62.38061208946715,18.400823303423735,12.0,100.0,24.808912,48.7,61.0,76.3,99.0,4331,51.69801412514428,8453073,62.386085404530625
cwfis_wind_speed_kmh,8457404,52.48200953797887,13.592756641704712,6.534051200895336,0.0,111.1,1.9,9.3,13.0,17.6,32.894115,4331,13.025304297852687,8453073,13.593047380481158
cwfis_precip_mm,8457404,52.48200953797887,2.8435552164734004,7.091778381647292,0.0,587.01,0.0,0.0,0.2,2.48,30.623831,4331,1.2589576555068112,8453073,2.8443670977899997
cwfis_ffmc,8457404,52.48200953797887,70.68013310520236,20.273397588752918,0.0,100.0,12.47264,59.8,79.1,86.0,92.2,4331,82.4017811969522,8453073,70.67412742444162
cwfis_dmc,8457404,52.48200953797887,15.61408043751783,13.499596936630333,0.0,192.6,0.1,5.9,12.311998,21.5,62.210917,4331,30.216816365735397,8453073,15.606598608210888
cwfis_dc,8457404,52.48200953797887,161.79986683745523,101.84546144447334,0.3,697.6,4.971724,78.398788,153.767122,230.4,419.451534,4331,214.17350833802817,8453073,161.77303278061706
cwfis_isi,8457404,52.48200953797887,3.2733488669727735,3.5108115935390365,0.0,160.7,0.0,0.8,2.2,4.8,15.2,4331,5.654136511198339,8453073,3.2721290512575725
cwfis_bui,8457404,52.48200953797887,22.607650155764,17.658165541603662,0.0,226.5,0.248664,9.5,18.9,31.5,78.1,4331,41.8943116197183,8453073,22.597768479502545
cwfis_fwi,8457404,52.48200953797887,5.791566783298279,6.70347251721471,0.0,101.710143,0.0,0.5,3.4,9.157348,27.9,4331,12.295794624797969,8453073,5.788234289803719
cwfis_dsr,8457404,52.48200953797887,1.1558543605604044,2.1443119048098174,0.0,98.851327,0.0,0.0,0.267103,1.4,9.9,4331,3.1884336984530126,8453073,1.1548129521740789
cwfis_precip_7d_mm,6654642,62.61084192215895,20.002292791330024,21.166113813999647,0.0,614.227196,0.0,5.6,14.430351,28.27831,90.20199999999997,3387,11.860828303218183,6651255,20.006438646544
cwfis_precip_7d_coverage_days,17798320,0.0,3.312408699248019,3.2442423242120637,0.0,7.0,0.0,0.0,3.0,7.0,7.0,7785,3.88131021194605,17790535,3.312159752362703
fire_history_same_cell_30d,17798320,0.0,0.013585495709707433,0.13678111167029888,0.0,16.0,0.0,0.0,0.0,0.0,1.0,7785,0.19460500963391136,17790535,0.01350628297575087
fire_history_neighborhood_30d,17798320,0.0,0.12108727115817673,0.5396035908582524,0.0,23.0,0.0,0.0,0.0,0.0,2.0,7785,0.9938342967244701,17790535,0.1207053638353203
fire_history_same_cell_365d,17798320,0.0,0.08150449031144512,0.3718279693185346,0.0,20.0,0.0,0.0,0.0,0.0,2.0,7785,0.502504816955684,17790535,0.08132026383692227
fire_history_neighborhood_365d,17798320,0.0,0.7265034003209292,1.6818647308056442,0.0,36.0,0.0,0.0,0.0,1.0,8.0,7785,2.824277456647399,17790535,0.725585430679853
fire_history_days_since_same_cell,4074728,77.10610889117625,986.4325893654742,815.2747502084484,1.0,3470.0,6.0,341.0,757.0,1503.0,3002.75,4326,645.0781322237633,4070402,986.7953789330882
