column,missing_rows,missing_pct
grid_id,0,0.0
ignition_date,0,0.0
ignition,0,0.0
ignition_count,0,0.0
large_fire_200ha,0,0.0
feature_set_version,0,0.0
issue_time_utc,0,0.0
calendar_day_of_year,0,0.0
calendar_doy_sin,0,0.0
calendar_doy_cos,0,0.0
calendar_is_weekend,0,0.0
calendar_day_length_hours,0,0.0
terrain_elevation_mean_m,1840,0.010338054378166029
terrain_slope_deg,88320,0.4962266101519694
terrain_aspect_sin,88320,0.4962266101519694
terrain_aspect_cos,88320,0.4962266101519694
terrain_ruggedness_m,1840,0.010338054378166029
terrain_sample_count,0,0.0
terrain_coverage_fraction,0,0.0
terrain_source_id,0,0.0
terrain_source_vintage_end_year,0,0.0
cwfis_source_id,0,0.0
cwfis_observation_date,0,0.0
cwfis_station_count,0,0.0
cwfis_nearest_station_km,9340916,52.48200953797887
cwfis_observation_coverage_fraction,0,0.0
cwfis_imputed_station_fraction,9340916,52.48200953797887
cwfis_calcstatus_nonzero_fraction,9340916,52.48200953797887
cwfis_missing,0,0.0
cwfis_temp_c,9340916,52.48200953797887
cwfis_rh_pct,9340916,52.48200953797887
cwfis_wind_speed_kmh,9340916,52.48200953797887
cwfis_precip_mm,9340916,52.48200953797887
cwfis_ffmc,9340916,52.48200953797887
cwfis_dmc,9340916,52.48200953797887
cwfis_dc,9340916,52.48200953797887
cwfis_isi,9340916,52.48200953797887
cwfis_bui,9340916,52.48200953797887
cwfis_fwi,9340916,52.48200953797887
cwfis_dsr,9340916,52.48200953797887
cwfis_precip_7d_mm,11143678,62.61084192215895
cwfis_precip_7d_coverage_days,0,0.0
fire_history_source_id,0,0.0
fire_history_same_cell_30d,0,0.0
fire_history_neighborhood_30d,0,0.0
fire_history_same_cell_365d,0,0.0
fire_history_neighborhood_365d,0,0.0
fire_history_days_since_same_cell,13723592,77.10610889117625
