,calendar_day_of_year,calendar_doy_sin,calendar_doy_cos,calendar_is_weekend,calendar_day_length_hours,terrain_elevation_mean_m,terrain_slope_deg,terrain_aspect_sin,terrain_aspect_cos,terrain_ruggedness_m,terrain_sample_count,terrain_coverage_fraction,cwfis_station_count,cwfis_nearest_station_km,cwfis_observation_coverage_fraction,cwfis_imputed_station_fraction,cwfis_calcstatus_nonzero_fraction,cwfis_missing,cwfis_temp_c,cwfis_rh_pct,cwfis_wind_speed_kmh,cwfis_precip_mm,cwfis_ffmc,cwfis_dmc,cwfis_dc,cwfis_isi,cwfis_bui,cwfis_fwi,cwfis_dsr,cwfis_precip_7d_mm,cwfis_precip_7d_coverage_days,fire_history_same_cell_30d,fire_history_neighborhood_30d,fire_history_same_cell_365d,fire_history_neighborhood_365d,fire_history_days_since_same_cell
calendar_day_of_year,1.0,-0.9626012036091885,0.7864321841621688,-0.0035835152976841163,-0.865398403322769,-0.0012456100916760087,-0.0024625891240731604,0.0008403193164665208,-0.0032782409415859377,9.326778823819e-06,-0.0010834889810991193,-0.0010834909553456959,0.062007071432817154,-0.00750824277165067,0.062007071432817154,,,-0.0354721253932491,-0.28326809147445137,0.2897682313276522,0.053599273501533554,0.0150825034335787,-0.17951575252401478,-0.2899928715702946,0.37456133687292176,-0.2252877248439777,-0.19416926685407943,-0.22135654735631474,-0.17699950675874151,0.026261962389049806,0.07243781258741941,-0.006262352448577995,-0.016730965597906686,0.010776172585700268,0.015833678295316345,-0.06542507710738706
calendar_doy_sin,-0.9626012036091885,1.0,-0.6201568440714657,0.002133145522339074,0.738554691048262,0.0017646958234427113,0.0025953899439257262,-0.0020975899095267924,0.003715182632731378,0.0005144519712622114,0.0015893731945834351,0.0015893743886629288,-0.1104644660139018,0.0039688872941671055,-0.1104644660139018,,,0.08293693424354735,0.13723744113869804,-0.2723486844416656,-0.03281526638136868,-0.014102410300129159,0.13952300840848508,0.22011182485529382,-0.47796610642092585,0.21061756042729016,0.10044037259687205,0.17895571438361813,0.1470309555630492,-0.028455626084414532,-0.12186417165909362,-0.007579182323816248,-0.015022724994928273,-0.010521222685360012,-0.01606386553218208,0.06955539512114202
calendar_doy_cos,0.7864321841621688,-0.6201568440714657,1.0,-0.008886244411115287,-0.9722953112831599,0.0016731246987020893,-0.00248916488457814,-0.0036404902610328656,0.00019837181585068137,-0.00030505953318853303,0.0014091600417196004,0.0014091570218725646,-0.07100579927264551,-0.02089829189716362,-0.07100579927264551,,,0.09316075362846721,-0.5609540752509092,0.25600985061679676,0.09384223541890448,0.012844458103627986,-0.2316967914736904,-0.41932679832150543,0.07794272673194336,-0.20962807022822458,-0.391825594470035,-0.2867612338256018,-0.22739963008456496,0.017886114531289417,-0.0754155933282402,-0.03751892242722803,-0.08900600050394941,0.007283481188519994,0.010561899675222117,-0.039249909609448755
calendar_is_weekend,-0.0035835152976841163,0.002133145522339074,-0.008886244411115287,1.0,0.007429353413260355,0.0027211063924468446,0.0033320880359743806,-0.003277760455607883,-0.002245643355360593,0.00306678950766921,0.003419695681786971,0.003419698654863522,0.0022681278843496053,-0.01971104175703577,0.0022681278843496053,,,0.0028569972235830674,0.011858818340797975,-0.0077868542724379534,0.008085287349222025,-0.0023372717417848134,0.003893105785898918,0.0163951935333995,-0.007772853945567446,0.01341677047197629,0.010254613534941382,0.01718387152878746,0.016843623396874466,0.0018800840390991262,0.002423097569408053,-0.0021283710833147336,0.003846479193102028,-0.0035349988928815045,0.005653625900699476,0.008400474532379904
calendar_day_length_hours,-0.865398403322769,0.738554691048262,-0.9722953112831599,0.007429353413260355,1.0,-0.05307008051811573,-0.03459767266233325,0.016456137567567124,0.03117583195069362,-0.04557080003792955,0.004660772556240105,0.004660773700571146,0.0150098175864218,0.08696616631587682,0.0150098175864218,,,-0.04642239663307932,0.4728656095988888,-0.2747366142050291,-0.073304099371692,-0.013847759984777929,0.219463681012646,0.402785507275336,-0.17755715093664537,0.22272006365998953,0.34882751736869205,0.2804829758179127,0.22579530499993614,-0.022858683640260318,0.021993688340324113,0.023377287741704642,0.05504806741714995,-0.018896538387833926,-0.033245499098559464,0.05388339771944416
terrain_elevation_mean_m,-0.0012456100916760087,0.0017646958234427113,0.0016731246987020893,0.0027211063924468446,-0.05307008051811573,1.0,0.3437591970125058,-0.16628022739837955,-0.11592857419233613,0.46637392891914387,-0.03272948461693569,-0.03272947365501183,-0.006415838854974476,-0.5443047361525533,-0.006415838854974476,,,-0.0031595922513551642,0.11704890753018718,-0.08072597621018998,-0.09291959880531499,0.01155327748624971,0.01743159998346261,0.02116542428188209,-0.035673495938628626,0.024670626197347976,0.024187945732396826,0.03011331005925996,0.023629966808284112,0.035144758330194564,0.0055689124327030996,0.0562511478343344,0.1379777029077027,0.13273504681220946,0.2618399035510763,0.0010293845226814517
terrain_slope_deg,-0.0024625891240731604,0.0025953899439257262,-0.00248916488457814,0.0033320880359743806,-0.03459767266233325,0.3437591970125058,1.0,-0.05569002268148828,-0.016595721741668994,0.902108210712249,,,0.026098983354071483,-0.26814571016151756,0.026098983354071483,,,-0.03883054192315398,0.06391206695474816,-0.012707317318149444,-0.0569792213639461,0.008192062597195737,0.008581139103102067,0.004276702269592585,-0.008617496702229778,-0.004364870233883137,0.008516688895935964,-0.0004449135515566199,-0.003728349711912376,0.009865489311707968,0.04178122006630999,0.028794255610966026,0.071859930208459,0.07608497407561546,0.12734625517951556,-0.022752130927748804
terrain_aspect_sin,0.0008403193164665208,-0.0020975899095267924,-0.0036404902610328656,-0.003277760455607883,0.016456137567567124,-0.16628022739837955,-0.05569002268148828,1.0,0.0132812122630094,-0.0807344243541305,,,-0.01338936985796465,0.16508141889923705,-0.01338936985796465,,,0.0029656432614402098,-0.025618903499830828,0.0016197813963372719,0.013341237371649805,-0.0027553086130286137,-0.006483695703420844,-0.0015186607567405554,0.00305593827090584,-0.0032815861128358335,-0.003337960432419052,-0.0041198641447136725,-0.0010412371142715796,-0.008380521837743266,-0.004264547296641986,-0.018631166760067937,-0.029438611557632412,-0.03907861107198551,-0.05585378821046784,0.031040197711136728
terrain_aspect_cos,-0.0032782409415859377,0.003715182632731378,0.00019837181585068137,-0.002245643355360593,0.03117583195069362,-0.11592857419233613,-0.016595721741668994,0.0132812122630094,1.0,-0.040799522725210875,,,-0.08554496423778772,0.15369168108678274,-0.08554496423778772,,,0.05486792442501486,-0.033013334319435685,-0.017570812452297125,0.002067742927304456,0.007134972370307327,-0.009852659480277075,0.017780677468036302,-0.0009656968072308,0.0026696467876229125,0.00901679651856538,0.005352245977645144,0.006220286582506554,3.019396561146823e-06,-0.059014098777468486,-0.012540691721495498,-0.029248221269085814,-0.03261005776322099,-0.06036930860458194,0.02318371261507499
terrain_ruggedness_m,9.326778823819e-06,0.0005144519712622114,-0.00030505953318853303,0.00306678950766921,-0.04557080003792955,0.46637392891914387,0.902108210712249,-0.0807344243541305,-0.040799522725210875,1.0,0.0064616341023445165,0.006461634601173399,0.029379677113359013,-0.3286472564183068,0.029379677113359013,,,-0.0433664918635702,0.07758993582079123,-0.018739048913932806,-0.06990760134535941,0.010834619405927398,0.006350124316381736,0.004817712770023863,-0.008009351511999638,-0.005775838317760543,0.010273185638770239,-0.00026467021176961183,-0.0038824480900569096,0.012019998387400418,0.04790107409324056,0.04164425464592428,0.09830215550774965,0.10260303425659724,0.17968598449169912,-0.032158800178472176
terrain_sample_count,-0.0010834889810991193,0.0015893731945834351,0.0014091600417196004,0.003419695681786971,0.004660772556240105,-0.03272948461693569,,,,0.0064616341023445165,1.0,0.9999999999997723,-0.007234216644699925,0.031558242588341945,-0.007234216644699925,,,0.009512285270510429,-0.009958338480618414,-0.0025696569900694735,0.012694530056715662,-0.00614009746809727,0.001529968161361045,0.0035211837457020494,0.0016138276961989867,0.007091624288148892,0.001572802523739509,0.008455978851378025,0.006960964970489967,-0.002123889276947996,-0.00866102181113369,-0.0035860983858563,0.003788722961613132,-0.004162265583545971,0.00790384488219061,0.015466155086324396
terrain_coverage_fraction,-0.0010834909553456959,0.0015893743886629288,0.0014091570218725646,0.003419698654863522,0.004660773700571146,-0.03272947365501183,,,,0.006461634601173399,0.9999999999997723,1.0,-0.00723422030464529,0.03155823204660598,-0.00723422030464529,,,0.009512287827757907,-0.009958335841046426,-0.0025696568175220895,0.012694532861110865,-0.006140101321430499,0.001529969907822019,0.0035211858167629555,0.001613831465505088,0.007091627038850445,0.0015728055618616612,0.008455979310528315,0.006960966516944252,-0.0021238924767571516,-0.008661023885742155,-0.0035860965793011804,0.0037887221184109247,-0.004162269087013225,0.007903843533575896,0.015466158794547253
cwfis_station_count,0.062007071432817154,-0.1104644660139018,-0.07100579927264551,0.0022681278843496053,0.0150098175864218,-0.006415838854974476,0.026098983354071483,-0.01338936985796465,-0.08554496423778772,0.029379677113359013,-0.007234216644699925,-0.00723422030464529,1.0,-0.2753863932533722,1.0,,,-0.8006656148917559,0.09723800005875428,0.0287730274806997,-0.0332134317110924,-0.0038567303105266023,-0.0030953128793913915,-0.023565209480415943,0.07204553945036445,-0.045544270875291844,-0.009065057053020173,-0.03285571342926719,-0.03128904713813259,0.008683246209784858,0.7401124901147808,0.0016345569297565538,0.014048593773879629,0.01013172333329636,0.016173056539529915,0.007400378710795621
cwfis_nearest_station_km,-0.00750824277165067,0.0039688872941671055,-0.02089829189716362,-0.01971104175703577,0.08696616631587682,-0.5443047361525533,-0.26814571016151756,0.16508141889923705,0.15369168108678274,-0.3286472564183068,0.031558242588341945,0.03155823204660598,-0.2753863932533722,1.0,-0.2753863932533722,,,,-0.11668272860030272,0.022169351984759566,0.049154193904076916,-0.005146603711459636,-0.01604350463374812,-2.9519494090406447e-05,-0.0029037906171023057,-0.0012828151772881953,-0.011109631011038486,-0.005775640510612312,-0.0004467135962190199,-0.028550234820738943,-0.025601901732316294,-0.048400551151197,-0.1088301333660932,-0.11198197781809996,-0.20900316542193462,-0.040558064548796374
cwfis_observation_coverage_fraction,0.062007071432817154,-0.1104644660139018,-0.07100579927264551,0.0022681278843496053,0.0150098175864218,-0.006415838854974476,0.026098983354071483,-0.01338936985796465,-0.08554496423778772,0.029379677113359013,-0.007234216644699925,-0.00723422030464529,1.0,-0.2753863932533722,1.0,,,-0.8006656148917559,0.09723800005875428,0.0287730274806997,-0.0332134317110924,-0.0038567303105266023,-0.0030953128793913915,-0.023565209480415943,0.07204553945036445,-0.045544270875291844,-0.009065057053020173,-0.03285571342926719,-0.03128904713813259,0.008683246209784858,0.7401124901147808,0.0016345569297565538,0.014048593773879629,0.01013172333329636,0.016173056539529915,0.007400378710795621
cwfis_imputed_station_fraction,,,,,,,,,,,,,,,,,,,,,,,,,,,,,,,,,,,,
cwfis_calcstatus_nonzero_fraction,,,,,,,,,,,,,,,,,,,,,,,,,,,,,,,,,,,,
cwfis_missing,-0.0354721253932491,0.08293693424354735,0.09316075362846721,0.0028569972235830674,-0.04642239663307932,-0.0031595922513551642,-0.03883054192315398,0.0029656432614402098,0.05486792442501486,-0.0433664918635702,0.009512285270510429,0.009512287827757907,-0.8006656148917559,,-0.8006656148917559,,,1.0,,,,,,,,,,,,,-0.9133763652137825,-0.01404686091106347,-0.03569992451234955,-0.03011779441511314,-0.050561954161768306,0.13301224956523194
cwfis_temp_c,-0.28326809147445137,0.13723744113869804,-0.5609540752509092,0.011858818340797975,0.4728656095988888,0.11704890753018718,0.06391206695474816,-0.025618903499830828,-0.033013334319435685,0.07758993582079123,-0.009958338480618414,-0.009958335841046426,0.09723800005875428,-0.11668272860030272,0.09723800005875428,,,,1.0,-0.46822126076921144,-0.1066964211244798,-0.15075187804443482,0.5135106421794878,0.4646061142623633,0.21442105255806845,0.46181109110496094,0.4905006655394743,0.5227298092019067,0.4255606391587059,-0.15488779928521393,0.07872308754303767,0.05336922924205749,0.1163187717261643,0.0234560616169784,0.05291420785639917,0.02258988482683175
cwfis_rh_pct,0.2897682313276522,-0.2723486844416656,0.25600985061679676,-0.0077868542724379534,-0.2747366142050291,-0.08072597621018998,-0.012707317318149444,0.0016197813963372719,-0.017570812452297125,-0.018739048913932806,-0.0025696569900694735,-0.0025696568175220895,0.0287730274806997,0.022169351984759566,0.0287730274806997,,,,-0.46822126076921144,1.0,0.013558893794206658,0.3240525907275238,-0.6848537553905698,-0.33411697990302824,0.02053579833519403,-0.612686727761975,-0.30072551667294806,-0.5672653311790262,-0.4570570674465297,0.15933623776115133,0.02302033230642781,-0.02770260940290851,-0.048179429636128035,-0.019330598618579796,-0.04092669116987149,-0.002499664222344979
cwfis_wind_speed_kmh,0.053599273501533554,-0.03281526638136868,0.09384223541890448,0.008085287349222025,-0.073304099371692,-0.09291959880531499,-0.0569792213639461,0.013341237371649805,0.002067742927304456,-0.06990760134535941,0.012694530056715662,0.012694532861110865,-0.0332134317110924,0.049154193904076916,-0.0332134317110924,,,,-0.1066964211244798,0.013558893794206658,1.0,0.05918404287566854,-0.0112759736662945,-0.06383666188908597,-0.009660582283482808,0.3189499107072198,-0.06218333864204497,0.21223893014138334,0.23868108538889027,0.015077738632780795,0.025802438289533713,-0.005393513258609483,-0.011270221510776291,0.0011023351382634698,0.0056619142497938485,-0.05091540656163668
cwfis_precip_mm,0.0150825034335787,-0.014102410300129159,0.012844458103627986,-0.0023372717417848134,-0.013847759984777929,0.01155327748624971,0.008192062597195737,-0.0027553086130286137,0.007134972370307327,0.010834619405927398,-0.00614009746809727,-0.006140101321430499,-0.0038567303105266023,-0.005146603711459636,-0.0038567303105266023,,,,-0.15075187804443482,0.3240525907275238,0.05918404287566854,1.0,-0.616571515258909,-0.2326661993268642,-0.14173853000930253,-0.3301884559410349,-0.2393439916826152,-0.313356756162607,-0.20891773873160382,0.4089404733274613,0.022578810178293326,-0.003209929707333356,-0.01137783100106132,0.007382249518913107,-0.0002591527845558857,-0.008043509085033103
cwfis_ffmc,-0.17951575252401478,0.13952300840848508,-0.2316967914736904,0.003893105785898918,0.219463681012646,0.01743159998346261,0.008581139103102067,-0.006483695703420844,-0.009852659480277075,0.006350124316381736,0.001529968161361045,0.001529969907822019,-0.0030953128793913915,-0.01604350463374812,-0.0030953128793913915,,,,0.5135106421794878,-0.6848537553905698,-0.0112759736662945,-0.616571515258909,1.0,0.49494646132120684,0.16967707402350243,0.6582743348614579,0.49657627266734955,0.6436655583376372,0.45409007800983897,-0.4200366345916409,-0.0017106860797511225,0.027911786740176508,0.053763737701612614,0.008446874010294054,0.02290095154206121,-0.008658977637911638
cwfis_dmc,-0.2899928715702946,0.22011182485529382,-0.41932679832150543,0.0163951935333995,0.402785507275336,0.02116542428188209,0.004276702269592585,-0.0015186607567405554,0.017780677468036302,0.004817712770023863,0.0035211837457020494,0.0035211858167629555,-0.023565209480415943,-2.9519494090406447e-05,-0.023565209480415943,,,,0.4646061142623633,-0.33411697990302824,-0.06383666188908597,-0.2326661993268642,0.49494646132120684,1.0,0.3752034715912659,0.482676860860883,0.9687398207447266,0.7341841630180653,0.6582642044967314,-0.4629695885276111,0.02445530579080856,0.08108169741463529,0.16806433893306097,0.033773626769089043,0.0648473801290595,-0.01666919604204834
cwfis_dc,0.37456133687292176,-0.47796610642092585,0.07794272673194336,-0.007772853945567446,-0.17755715093664537,-0.035673495938628626,-0.008617496702229778,0.00305593827090584,-0.0009656968072308,-0.008009351511999638,0.0016138276961989867,0.001613831465505088,0.07204553945036445,-0.0029037906171023057,0.07204553945036445,,,,0.21442105255806845,0.02053579833519403,-0.009660582283482808,-0.14173853000930253,0.16967707402350243,0.3752034715912659,1.0,0.07340098024895353,0.5384657386397451,0.24979284427179008,0.22005126013642226,-0.33205064388672634,0.09086885290512524,0.08065617932123607,0.1640920578690738,0.03207659274265844,0.06782316189549928,-0.048085802520615416
cwfis_isi,-0.2252877248439777,0.21061756042729016,-0.20962807022822458,0.01341677047197629,0.22272006365998953,0.024670626197347976,-0.004364870233883137,-0.0032815861128358335,0.0026696467876229125,-0.005775838317760543,0.007091624288148892,0.007091627038850445,-0.045544270875291844,-0.0012828151772881953,-0.045544270875291844,,,,0.46181109110496094,-0.612686727761975,0.3189499107072198,-0.3301884559410349,0.6582743348614579,0.482676860860883,0.07340098024895353,1.0,0.44743435367611306,0.9161433734899045,0.8584057590109689,-0.31306494453672573,-0.0013540169378763913,0.029665813834508774,0.05349724290969371,0.016935862911318638,0.03992989408633402,-0.018482525599851418
cwfis_bui,-0.19416926685407943,0.10044037259687205,-0.391825594470035,0.010254613534941382,0.34882751736869205,0.024187945732396826,0.008516688895935964,-0.003337960432419052,0.00901679651856538,0.010273185638770239,0.001572802523739509,0.0015728055618616612,-0.009065057053020173,-0.011109631011038486,-0.009065057053020173,,,,0.4905006655394743,-0.30072551667294806,-0.06218333864204497,-0.2393439916826152,0.49657627266734955,0.9687398207447266,0.5384657386397451,0.44743435367611306,1.0,0.7120306007897403,0.6274872984095119,-0.48664401490216125,0.04105674207569595,0.09184784752603789,0.1900655977398183,0.037284706661708675,0.07322344258830508,-0.02587919152404819
cwfis_fwi,-0.22135654735631474,0.17895571438361813,-0.2867612338256018,0.01718387152878746,0.2804829758179127,0.03011331005925996,-0.0004449135515566199,-0.0041198641447136725,0.005352245977645144,-0.00026467021176961183,0.008455978851378025,0.008455979310528315,-0.03285571342926719,-0.005775640510612312,-0.03285571342926719,,,,0.5227298092019067,-0.5672653311790262,0.21223893014138334,-0.313356756162607,0.6436655583376372,0.7341841630180653,0.24979284427179008,0.9161433734899045,0.7120306007897403,1.0,0.9355752200246746,-0.3936230407637856,0.015398289661257046,0.05482477335830732,0.1105597063479201,0.026490459390079626,0.058766999431858556,-0.01727192538724926
cwfis_dsr,-0.17699950675874151,0.1470309555630492,-0.22739963008456496,0.016843623396874466,0.22579530499993614,0.023629966808284112,-0.003728349711912376,-0.0010412371142715796,0.006220286582506554,-0.0038824480900569096,0.006960964970489967,0.006960966516944252,-0.03128904713813259,-0.0004467135962190199,-0.03128904713813259,,,,0.4255606391587059,-0.4570570674465297,0.23868108538889027,-0.20891773873160382,0.45409007800983897,0.6582642044967314,0.22005126013642226,0.8584057590109689,0.6274872984095119,0.9355752200246746,1.0,-0.30181884282076576,0.015543273454892563,0.05242029842274711,0.1032013242886901,0.025857171374778613,0.05406868300146131,-0.01861234839451009
cwfis_precip_7d_mm,0.026261962389049806,-0.028455626084414532,0.017886114531289417,0.0018800840390991262,-0.022858683640260318,0.035144758330194564,0.009865489311707968,-0.008380521837743266,3.019396561146823e-06,0.012019998387400418,-0.002123889276947996,-0.0021238924767571516,0.008683246209784858,-0.028550234820738943,0.008683246209784858,,,,-0.15488779928521393,0.15933623776115133,0.015077738632780795,0.4089404733274613,-0.4200366345916409,-0.4629695885276111,-0.33205064388672634,-0.31306494453672573,-0.48664401490216125,-0.3936230407637856,-0.30181884282076576,1.0,,-0.01390330149224674,-0.026318877782180367,0.002531917407246293,0.0023694387922744086,0.018132281218176186
cwfis_precip_7d_coverage_days,0.07243781258741941,-0.12186417165909362,-0.0754155933282402,0.002423097569408053,0.021993688340324113,0.0055689124327030996,0.04178122006630999,-0.004264547296641986,-0.059014098777468486,0.04790107409324056,-0.00866102181113369,-0.008661023885742155,0.7401124901147808,-0.025601901732316294,0.7401124901147808,,,-0.9133763652137825,0.07872308754303767,0.02302033230642781,0.025802438289533713,0.022578810178293326,-0.0017106860797511225,0.02445530579080856,0.09086885290512524,-0.0013540169378763913,0.04105674207569595,0.015398289661257046,0.015543273454892563,,1.0,0.017214825422553197,0.040934710189845736,0.03504719254069624,0.0565955594041411,-0.14808436013381426
fire_history_same_cell_30d,-0.006262352448577995,-0.007579182323816248,-0.03751892242722803,-0.0021283710833147336,0.023377287741704642,0.0562511478343344,0.028794255610966026,-0.018631166760067937,-0.012540691721495498,0.04164425464592428,-0.0035860983858563,-0.0035860965793011804,0.0016345569297565538,-0.048400551151197,0.0016345569297565538,,,-0.01404686091106347,0.05336922924205749,-0.02770260940290851,-0.005393513258609483,-0.003209929707333356,0.027911786740176508,0.08108169741463529,0.08065617932123607,0.029665813834508774,0.09184784752603789,0.05482477335830732,0.05242029842274711,-0.01390330149224674,0.017214825422553197,1.0,0.4684972173532638,0.4458761804715748,0.22564300626238246,-0.24613025823599027
fire_history_neighborhood_30d,-0.016730965597906686,-0.015022724994928273,-0.08900600050394941,0.003846479193102028,0.05504806741714995,0.1379777029077027,0.071859930208459,-0.029438611557632412,-0.029248221269085814,0.09830215550774965,0.003788722961613132,0.0037887221184109247,0.014048593773879629,-0.1088301333660932,0.014048593773879629,,,-0.03569992451234955,0.1163187717261643,-0.048179429636128035,-0.011270221510776291,-0.01137783100106132,0.053763737701612614,0.16806433893306097,0.1640920578690738,0.05349724290969371,0.1900655977398183,0.1105597063479201,0.1032013242886901,-0.026318877782180367,0.040934710189845736,0.4684972173532638,1.0,0.2582176282588369,0.4791262901678524,-0.16089749768242861
fire_history_same_cell_365d,0.010776172585700268,-0.010521222685360012,0.007283481188519994,-0.0035349988928815045,-0.018896538387833926,0.13273504681220946,0.07608497407561546,-0.03907861107198551,-0.03261005776322099,0.10260303425659724,-0.004162265583545971,-0.004162269087013225,0.01013172333329636,-0.11198197781809996,0.01013172333329636,,,-0.03011779441511314,0.0234560616169784,-0.019330598618579796,0.0011023351382634698,0.007382249518913107,0.008446874010294054,0.033773626769089043,0.03207659274265844,0.016935862911318638,0.037284706661708675,0.026490459390079626,0.025857171374778613,0.002531917407246293,0.03504719254069624,0.4458761804715748,0.2582176282588369,1.0,0.5346760690567516,-0.5148113268749491
fire_history_neighborhood_365d,0.015833678295316345,-0.01606386553218208,0.010561899675222117,0.005653625900699476,-0.033245499098559464,0.2618399035510763,0.12734625517951556,-0.05585378821046784,-0.06036930860458194,0.17968598449169912,0.00790384488219061,0.007903843533575896,0.016173056539529915,-0.20900316542193462,0.016173056539529915,,,-0.050561954161768306,0.05291420785639917,-0.04092669116987149,0.0056619142497938485,-0.0002591527845558857,0.02290095154206121,0.0648473801290595,0.06782316189549928,0.03992989408633402,0.07322344258830508,0.058766999431858556,0.05406868300146131,0.0023694387922744086,0.0565955594041411,0.22564300626238246,0.4791262901678524,0.5346760690567516,1.0,-0.3088471365363174
fire_history_days_since_same_cell,-0.06542507710738706,0.06955539512114202,-0.039249909609448755,0.008400474532379904,0.05388339771944416,0.0010293845226814517,-0.022752130927748804,0.031040197711136728,0.02318371261507499,-0.032158800178472176,0.015466155086324396,0.015466158794547253,0.007400378710795621,-0.040558064548796374,0.007400378710795621,,,0.13301224956523194,0.02258988482683175,-0.002499664222344979,-0.05091540656163668,-0.008043509085033103,-0.008658977637911638,-0.01666919604204834,-0.048085802520615416,-0.018482525599851418,-0.02587919152404819,-0.01727192538724926,-0.01861234839451009,0.018132281218176186,-0.14808436013381426,-0.24613025823599027,-0.16089749768242861,-0.5148113268749491,-0.3088471365363174,1.0
